{
  "tracker_name": "ncc-tracker",
  "results": [
    {
      "sequence_name": "bicycle",
      "sequence_length": 271,
      "overlap": 0.5522347700915551,
      "failures": 3,
      "speed": 1135.355256385792
    },
    {
      "sequence_name": "bolt",
      "sequence_length": 350,
      "overlap": 0.7516895801049229,
      "failures": 19,
      "speed": 960.5422562520612
    },
    {
      "sequence_name": "car",
      "sequence_length": 374,
      "overlap": 0.364898358932744,
      "failures": 2,
      "speed": 960.1172791126247
    },
    {
      "sequence_name": "cup",
      "sequence_length": 303,
      "overlap": 0.7466961870153258,
      "failures": 1,
      "speed": 1074.7855173837754
    },
    {
      "sequence_name": "david",
      "sequence_length": 770,
      "overlap": 0.6018587010434192,
      "failures": 5,
      "speed": 376.71327691487744
    },
    {
      "sequence_name": "diving",
      "sequence_length": 231,
      "overlap": 0.40131425677211485,
      "failures": 7,
      "speed": 738.8892172840962
    },
    {
      "sequence_name": "face",
      "sequence_length": 415,
      "overlap": 0.8130802531509748,
      "failures": 0,
      "speed": 319.5082719960211
    },
    {
      "sequence_name": "gymnastics",
      "sequence_length": 207,
      "overlap": 0.5837752744803166,
      "failures": 10,
      "speed": 277.5328868577027
    },
    {
      "sequence_name": "hand",
      "sequence_length": 244,
      "overlap": 0.5244176566298444,
      "failures": 7,
      "speed": 942.8572625850489
    },
    {
      "sequence_name": "iceskater",
      "sequence_length": 500,
      "overlap": 0.5512196397347916,
      "failures": 12,
      "speed": 139.12549542604316
    },
    {
      "sequence_name": "juice",
      "sequence_length": 404,
      "overlap": 0.7537156542391416,
      "failures": 1,
      "speed": 498.3167855617297
    },
    {
      "sequence_name": "jump",
      "sequence_length": 228,
      "overlap": 0.5614482157297926,
      "failures": 4,
      "speed": 781.9009694391793
    },
    {
      "sequence_name": "singer",
      "sequence_length": 351,
      "overlap": 0.6515933026479825,
      "failures": 3,
      "speed": 65.72310416510223
    },
    {
      "sequence_name": "sunshade",
      "sequence_length": 172,
      "overlap": 0.6787631853296672,
      "failures": 0,
      "speed": 858.5970095565339
    },
    {
      "sequence_name": "torus",
      "sequence_length": 264,
      "overlap": 0.6215415939900774,
      "failures": 6,
      "speed": 912.8732819677283
    },
    {
      "sequence_name": "woman",
      "sequence_length": 597,
      "overlap": 0.6907876742389896,
      "failures": 17,
      "speed": 266.8829175055317
    }
  ],
  "average_overlap": 0.6155646440082289,
  "total_failures": 97,
  "average_speed": 644.3575492746155,
  "total_frames": 5681
}